date,actual,mean,naive,seasonal_naive_daily,seasonal_naive_weekly,drift,sarimax_univariate,sarimax,feature_model,feature_model_histgb,foundation_model
2016-05-13 19:00:00,208.33333333333337,97.46163394267658,348.3333333333333,123.33333333333331,126.66666666666669,348.432667343944,203.20352912950256,204.18136217080772,189.3486328125,196.15513826012034,172.31357
2016-05-13 20:00:00,120.0,97.46163394267658,348.3333333333333,100.0,116.66666666666669,348.53200135455467,178.11533558239302,179.2213754570879,193.33436584472656,208.07075845917402,123.68913
2016-05-13 21:00:00,63.333333333333336,97.46163394267658,348.3333333333333,71.66666666666667,71.66666666666667,348.63133536516534,124.1972381691694,129.45571236145585,152.07492065429688,190.19709565198283,85.4565
2016-05-13 22:00:00,55.0,97.46163394267658,348.3333333333333,60.0,53.333333333333336,348.730669375776,93.20902925051746,99.13837503598523,64.41951751708984,107.23522742635515,66.36072
2016-05-13 23:00:00,61.666666666666664,97.46163394267658,348.3333333333333,56.666666666666664,58.333333333333336,348.8300033863867,81.00721810212303,86.95526547681487,62.302345275878906,66.35050833768695,61.29666
2016-05-14 00:00:00,58.333333333333336,97.46163394267658,348.3333333333333,55.0,51.666666666666664,348.92933739699737,69.4514299895784,73.870091988697,63.93695068359375,48.56024631729554,60.08231
2016-05-14 01:00:00,63.333333333333336,97.46163394267658,348.3333333333333,53.333333333333336,56.666666666666664,349.02867140760804,65.41482442103477,68.29100897410842,69.90603637695312,51.256033199415135,57.237335
2016-05-14 02:00:00,60.0,97.46163394267658,348.3333333333333,58.333333333333336,53.333333333333336,349.1280054182187,60.968457216349435,63.03637909936434,71.99964141845703,49.34716208588704,56.188255
2016-05-14 03:00:00,60.0,97.46163394267658,348.3333333333333,58.333333333333336,55.0,349.2273394288294,57.38256815821675,59.73209957994672,74.87322235107422,48.49147328382309,54.788914
2016-05-14 04:00:00,60.0,97.46163394267658,348.3333333333333,50.0,55.0,349.32667343944007,55.614891887293716,59.575332151975104,76.86448669433594,53.39205847162131,55.004814
2016-05-14 05:00:00,56.666666666666664,97.46163394267658,348.3333333333333,58.333333333333336,51.666666666666664,349.4260074500508,63.36042680349152,67.51527077260322,84.22923278808594,59.58715991895049,62.58986
2016-05-14 06:00:00,63.333333333333336,97.46163394267658,348.3333333333333,146.66666666666666,53.333333333333336,349.5253414606615,73.88092849514142,77.83454681665785,112.34683990478516,97.11886507794244,82.81477
2016-05-14 07:00:00,113.33333333333331,97.46163394267658,348.3333333333333,176.66666666666666,148.33333333333334,349.62467547127216,101.51410771008946,104.96026067488573,138.23837280273438,164.56607823773967,131.89548
2016-05-14 08:00:00,133.33333333333334,97.46163394267658,348.3333333333333,338.3333333333333,121.66666666666669,349.72400948188283,120.07928339704534,122.3239797511733,154.2213592529297,172.78542899812467,169.19536
2016-05-14 09:00:00,118.33333333333331,97.46163394267658,348.3333333333333,93.33333333333331,153.33333333333334,349.8233434924935,105.61619034422759,107.06759171354324,137.30458068847656,149.09752482418793,185.30653
2016-05-14 10:00:00,158.33333333333334,97.46163394267658,348.3333333333333,73.33333333333333,178.33333333333334,349.9226775031042,112.49458566410894,114.06380328095393,137.0874786376953,124.17683348848107,198.68924
2016-05-14 11:00:00,96.66666666666669,97.46163394267658,348.3333333333333,355.0,161.66666666666666,350.02201151371486,122.18522883198753,123.0769920241807,148.88670349121094,137.35164632127916,208.88652
2016-05-14 12:00:00,116.66666666666669,97.46163394267658,348.3333333333333,301.6666666666667,86.66666666666667,350.12134552432553,114.42918232321998,117.93043599620519,135.97476196289062,140.6189355256533,196.60043
2016-05-14 13:00:00,113.33333333333331,97.46163394267658,348.3333333333333,268.3333333333333,75.0,350.2206795349362,107.69366929690537,112.24644343283191,141.1353759765625,131.55101096909746,172.82288
2016-05-14 14:00:00,106.66666666666669,97.46163394267658,348.3333333333333,318.3333333333333,88.33333333333333,350.3200135455469,105.26334139786155,108.4414393935521,141.87039184570312,122.82726515877366,146.06757
2016-05-14 15:00:00,130.0,97.46163394267658,348.3333333333333,201.66666666666663,103.33333333333331,350.41934755615756,97.55593781246837,101.63857581760273,119.99957275390625,116.71423979626421,138.95244
2016-05-14 16:00:00,111.66666666666669,97.46163394267658,348.3333333333333,351.6666666666667,91.66666666666669,350.51868156676824,129.57893373989415,134.32191914628208,157.30288696289062,127.45727518411032,155.98772
2016-05-14 17:00:00,241.66666666666663,97.46163394267658,348.3333333333333,231.66666666666663,83.33333333333333,350.6180155773789,182.4792181423565,187.68658596893556,187.43939208984375,153.69690592913597,168.14883
2016-05-14 18:00:00,166.66666666666666,97.46163394267658,348.3333333333333,348.3333333333333,285.0,350.7173495879896,179.38767740222852,185.44097039433856,229.26402282714844,214.410791847082,142.36752
2016-05-14 19:00:00,90.0,97.5279829863443,166.66666666666666,208.33333333333337,120.0,166.7041764640018,133.89557599948154,135.2739186226282,160.1605682373047,176.90719080804797,117.224075
2016-05-14 20:00:00,86.66666666666667,97.5279829863443,166.66666666666666,120.0,86.66666666666667,166.7416862613369,109.62987103996579,108.88975191759093,135.28823852539062,146.60949430176126,96.95623
2016-05-14 21:00:00,75.0,97.5279829863443,166.66666666666666,63.333333333333336,56.666666666666664,166.77919605867203,73.85253829291189,74.14755810002193,78.0666275024414,72.83081261982309,77.596214
2016-05-14 22:00:00,61.666666666666664,97.5279829863443,166.66666666666666,55.0,58.333333333333336,166.81670585600716,61.62134492684052,62.121034537609376,68.70137786865234,50.5729594012642,66.57263
2016-05-14 23:00:00,48.333333333333336,97.5279829863443,166.66666666666666,61.666666666666664,56.666666666666664,166.8542156533423,54.2673279033881,53.40889954854853,61.03827667236328,56.10395247658269,61.015923
2016-05-15 00:00:00,53.333333333333336,97.5279829863443,166.66666666666666,58.333333333333336,58.333333333333336,166.8917254506774,52.82336364334269,51.64922348695791,61.53569030761719,57.39875221579223,59.005856
2016-05-15 01:00:00,55.0,97.5279829863443,166.66666666666666,63.333333333333336,51.666666666666664,166.92923524801253,52.88567570571688,51.88470702232452,60.10389709472656,51.01645346855261,56.815792
2016-05-15 02:00:00,51.666666666666664,97.5279829863443,166.66666666666666,60.0,55.0,166.96674504534766,52.13966717891708,51.253760462291,59.12468719482422,54.569204077571726,56.394993
2016-05-15 03:00:00,40.0,97.5279829863443,166.66666666666666,60.0,56.666666666666664,167.00425484268277,51.2064197747774,50.434467333156675,55.43106460571289,54.94176456369623,54.19648
2016-05-15 04:00:00,51.666666666666664,97.5279829863443,166.66666666666666,60.0,50.0,167.0417646400179,51.342503556810534,51.106212375232474,53.289268493652344,49.738876320257084,54.570236
2016-05-15 05:00:00,56.666666666666664,97.5279829863443,166.66666666666666,56.666666666666664,56.666666666666664,167.07927443735304,59.75896326266832,60.41115485415736,55.12338638305664,53.33958350745773,59.821888
2016-05-15 06:00:00,51.666666666666664,97.5279829863443,166.66666666666666,63.333333333333336,50.0,167.11678423468817,69.49202501953941,69.86122779856946,72.40603637695312,58.41124258278167,66.37514
2016-05-15 07:00:00,93.33333333333331,97.5279829863443,166.66666666666666,113.33333333333331,60.0,167.15429403202327,99.14763311372639,99.56588004875955,121.41329956054688,76.02687442768848,81.250984
2016-05-15 08:00:00,118.33333333333331,97.5279829863443,166.66666666666666,133.33333333333334,183.33333333333337,167.1918038293584,115.66018840550232,117.2246062082206,166.33953857421875,167.60513866571537,95.139626
2016-05-15 09:00:00,101.66666666666669,97.5279829863443,166.66666666666666,118.33333333333331,143.33333333333334,167.22931362669354,105.70772005172093,107.72608288216435,136.36056518554688,155.32690408659943,87.84101
2016-05-15 10:00:00,108.33333333333331,97.5279829863443,166.66666666666666,158.33333333333334,135.0,167.26682342402864,115.3755973382358,117.38089674129431,142.4708251953125,181.24256382289815,83.26175
2016-05-15 11:00:00,105.0,97.5279829863443,166.66666666666666,96.66666666666669,50.0,167.30433322136378,115.85533091977558,118.20684375574044,105.14533996582031,147.8402668736309,90.13357
2016-05-15 12:00:00,96.66666666666669,97.5279829863443,166.66666666666666,116.66666666666669,56.666666666666664,167.3418430186989,110.77776941128378,113.86801925444011,108.39666748046875,107.19219304369722,91.220245
2016-05-15 13:00:00,136.66666666666666,97.5279829863443,166.66666666666666,113.33333333333331,56.666666666666664,167.37935281603404,104.82822920229685,107.47648678877769,96.56375122070312,101.96480230766085,85.73113
2016-05-15 14:00:00,88.33333333333333,97.5279829863443,166.66666666666666,106.66666666666669,56.666666666666664,167.41686261336915,101.24377034179945,102.57994745093922,97.72550964355469,104.01322940971772,81.82435
2016-05-15 15:00:00,93.33333333333331,97.5279829863443,166.66666666666666,130.0,50.0,167.45437241070428,97.49461612085517,97.8465514603475,88.30564880371094,98.2724130082728,83.680016
2016-05-15 16:00:00,143.33333333333334,97.5279829863443,166.66666666666666,111.66666666666669,55.0,167.4918822080394,124.27726390312219,123.54726473458304,107.60240936279297,124.8519921843966,101.743805
2016-05-15 17:00:00,236.66666666666663,97.5279829863443,166.66666666666666,241.66666666666663,56.666666666666664,167.52939200537452,185.13492798811365,185.7232588493245,156.2963104248047,195.5262245060746,142.74074
2016-05-15 18:00:00,98.33333333333331,97.5279829863443,166.66666666666666,166.66666666666666,50.0,167.56690180270965,175.41829297332652,180.34338529008937,212.75599670410156,197.90893044762424,126.60118
2016-05-15 19:00:00,96.66666666666669,97.46169220519654,98.33333333333331,90.0,60.0,98.34777296456734,105.38731867318161,109.99748688573149,129.32557678222656,150.33895311310448,103.63711
2016-05-15 20:00:00,246.66666666666663,97.46169220519654,98.33333333333331,86.66666666666667,78.33333333333333,98.36221259580138,83.13449181353488,85.93552205667837,123.14351654052734,125.43508350038807,85.858345
2016-05-15 21:00:00,203.33333333333337,97.46169220519654,98.33333333333331,75.0,63.333333333333336,98.37665222703541,59.436253028599936,59.514598672185414,82.45863342285156,93.68541609238983,70.0217
2016-05-15 22:00:00,86.66666666666667,97.46169220519654,98.33333333333331,61.666666666666664,58.333333333333336,98.39109185826945,50.319768883907464,47.97466244386062,62.9266242980957,67.15248357077836,62.876514
2016-05-15 23:00:00,83.33333333333333,97.46169220519654,98.33333333333331,48.333333333333336,53.333333333333336,98.40553148950347,44.805153535990385,42.17972665068784,58.588539123535156,58.53519005550632,58.46093
2016-05-16 00:00:00,61.666666666666664,97.46169220519654,98.33333333333331,53.333333333333336,55.0,98.41997112073751,46.941115651745605,44.87508570691337,57.36166763305664,55.59156522159142,56.125706
2016-05-16 01:00:00,53.333333333333336,97.46169220519654,98.33333333333331,55.0,58.333333333333336,98.43441075197154,48.307653163637454,46.086664972186014,58.92568588256836,52.70971151915785,53.61561
2016-05-16 02:00:00,56.666666666666664,97.46169220519654,98.33333333333331,51.666666666666664,55.0,98.44885038320558,48.860140083724204,46.74513764166784,61.79983901977539,53.63322421821334,54.216297
2016-05-16 03:00:00,53.333333333333336,97.46169220519654,98.33333333333331,40.0,53.333333333333336,98.46329001443961,48.05340014579825,46.430858603729476,67.3626937866211,51.102253005708555,52.872757
2016-05-16 04:00:00,55.0,97.46169220519654,98.33333333333331,51.666666666666664,56.666666666666664,98.47772964567365,49.53985802786665,48.108558512201924,72.69542694091797,50.705241560087146,51.869102
2016-05-16 05:00:00,51.666666666666664,97.46169220519654,98.33333333333331,56.666666666666664,65.0,98.49216927690767,58.424987908879345,56.35234291893397,82.50627136230469,66.61643877008885,60.486095
2016-05-16 06:00:00,53.333333333333336,97.46169220519654,98.33333333333331,51.666666666666664,55.0,98.50660890814171,67.61339667484805,64.97760605572051,90.0666732788086,78.41808748949788,61.194202
2016-05-16 07:00:00,61.666666666666664,97.46169220519654,98.33333333333331,93.33333333333331,56.666666666666664,98.52104853937574,97.88251219512205,96.4291655917118,125.53607177734375,123.18564319946128,79.94043
2016-05-16 08:00:00,88.33333333333333,97.46169220519654,98.33333333333331,118.33333333333331,61.666666666666664,98.53548817060978,115.02177714451668,115.01213139067951,141.7252197265625,125.17440119842196,77.82338
2016-05-16 09:00:00,70.0,97.46169220519654,98.33333333333331,101.66666666666669,66.66666666666667,98.54992780184381,104.86608897299949,105.39123814047876,158.8170166015625,152.59583518976865,63.12398
2016-05-16 10:00:00,148.33333333333334,97.46169220519654,98.33333333333331,108.33333333333331,55.0,98.56436743307785,113.88087807700371,115.07845266429993,159.59368896484375,150.92064862548008,63.916534
2016-05-16 11:00:00,103.33333333333331,97.46169220519654,98.33333333333331,105.0,61.666666666666664,98.57880706431187,115.31938915912417,116.89949400082469,142.34042358398438,154.67036152976624,69.47807
2016-05-16 12:00:00,206.66666666666663,97.46169220519654,98.33333333333331,96.66666666666669,135.0,98.59324669554591,109.62718881619965,111.38937859645137,138.23049926757812,143.89791241493057,74.075485
2016-05-16 13:00:00,266.6666666666667,97.46169220519654,98.33333333333331,136.66666666666666,173.33333333333334,98.60768632677994,106.51028913431465,108.29827373043997,129.3439483642578,134.42652670877848,73.56815
2016-05-16 14:00:00,88.33333333333333,97.46169220519654,98.33333333333331,88.33333333333333,88.33333333333333,98.62212595801398,100.23081555920433,101.8070144049713,125.65459442138672,127.71328196916855,72.71996
2016-05-16 15:00:00,111.66666666666669,97.46169220519654,98.33333333333331,93.33333333333331,70.0,98.63656558924801,96.54648904479163,98.33829048235111,108.20307159423828,128.12033594944225,74.60935
2016-05-16 16:00:00,88.33333333333333,97.46169220519654,98.33333333333331,143.33333333333334,78.33333333333333,98.65100522048205,125.60317067335194,125.49031930443805,131.81796264648438,154.02136970533047,104.16776
2016-05-16 17:00:00,243.33333333333337,97.46169220519654,98.33333333333331,236.66666666666663,268.3333333333333,98.66544485171607,187.22145373301862,183.17835055458988,207.42283630371094,218.3609724717089,155.24835
2016-05-16 18:00:00,155.0,97.46169220519654,98.33333333333331,98.33333333333331,120.0,98.67988448295011,170.72818237442277,165.62817643834313,184.4637451171875,199.17885230516498,125.92676
2016-05-16 19:00:00,115.0,97.59198061246973,155.0,96.66666666666669,110.0,155.03305785123968,125.40385099157129,122.94834208004926,124.86009216308594,148.22728124459158,114.00913
2016-05-16 20:00:00,96.66666666666669,97.59198061246973,155.0,246.66666666666663,95.0,155.06611570247935,114.89318618446097,112.81300933969649,131.29827880859375,144.08616434865775,93.64242
2016-05-16 21:00:00,68.33333333333333,97.59198061246973,155.0,203.33333333333337,71.66666666666667,155.099173553719,80.24239038015033,80.06747445327579,103.87620544433594,110.32241966046489,74.6626
2016-05-16 22:00:00,46.666666666666664,97.59198061246973,155.0,86.66666666666667,71.66666666666667,155.13223140495867,62.29941182890012,62.14495881177373,88.85790252685547,93.48913679388895,64.476776
2016-05-16 23:00:00,60.0,97.59198061246973,155.0,83.33333333333333,60.0,155.16528925619835,54.75442166242806,55.691606518934876,85.94784545898438,93.59177167301267,57.96681
2016-05-17 00:00:00,50.0,97.59198061246973,155.0,61.666666666666664,51.666666666666664,155.19834710743802,52.65089944345616,53.95899550886996,64.60025787353516,67.08866826751677,56.22908
2016-05-17 01:00:00,55.0,97.59198061246973,155.0,53.333333333333336,55.0,155.23140495867767,52.310946684252485,53.214067310286964,60.12424087524414,60.12079464168355,54.4244
2016-05-17 02:00:00,51.666666666666664,97.59198061246973,155.0,56.666666666666664,56.666666666666664,155.26446280991735,51.86518847377124,52.770616748980046,67.31201934814453,54.61431927445585,54.451916
2016-05-17 03:00:00,53.333333333333336,97.59198061246973,155.0,53.333333333333336,56.666666666666664,155.29752066115702,50.41652258239999,51.954060739714535,72.02213287353516,48.99534829604343,52.442684
2016-05-17 04:00:00,53.333333333333336,97.59198061246973,155.0,55.0,50.0,155.3305785123967,51.17354789325126,52.282859211509404,76.57138061523438,51.51631015709269,52.091316
2016-05-17 05:00:00,58.333333333333336,97.59198061246973,155.0,51.666666666666664,71.66666666666667,155.36363636363637,58.97133503431666,59.7557839289034,86.04251861572266,62.771151440310675,58.960358
2016-05-17 06:00:00,56.666666666666664,97.59198061246973,155.0,53.333333333333336,63.333333333333336,155.39669421487602,67.68160093061316,69.06843756031111,90.12262725830078,62.640516354772295,63.549706
2016-05-17 07:00:00,65.0,97.59198061246973,155.0,61.666666666666664,60.0,155.4297520661157,96.17509055148349,98.3906783953183,109.68948364257812,76.25912448694403,93.53522
2016-05-17 08:00:00,56.666666666666664,97.59198061246973,155.0,88.33333333333333,56.666666666666664,155.46280991735537,113.62010942943837,115.94416242183989,110.92234802246094,93.18519964119372,90.54114
2016-05-17 09:00:00,51.666666666666664,97.59198061246973,155.0,70.0,55.0,155.49586776859505,102.97138775388555,105.39800822088925,110.59300231933594,76.65371173953862,65.72931
2016-05-17 10:00:00,53.333333333333336,97.59198061246973,155.0,148.33333333333334,53.333333333333336,155.52892561983472,116.25190230890246,119.86039730625188,120.08975982666016,87.5429596171091,66.62164
2016-05-17 11:00:00,51.666666666666664,97.59198061246973,155.0,103.33333333333331,56.666666666666664,155.56198347107437,114.84523311799472,119.7328089220585,125.9565200805664,76.56871922265756,69.6921
2016-05-17 12:00:00,53.333333333333336,97.59198061246973,155.0,206.66666666666663,58.333333333333336,155.59504132231405,115.92155905060912,119.76852430787648,115.54908752441406,78.89105908347882,74.05464
2016-05-17 13:00:00,41.666666666666664,97.59198061246973,155.0,266.6666666666667,53.333333333333336,155.62809917355372,115.90362411182045,120.14917910571874,121.75494384765625,81.77311389464877,75.7794
2016-05-17 14:00:00,53.333333333333336,97.59198061246973,155.0,88.33333333333333,53.333333333333336,155.6611570247934,99.70508290404955,107.4485983601583,106.8864517211914,80.65606366076901,75.58757
2016-05-17 15:00:00,51.666666666666664,97.59198061246973,155.0,111.66666666666669,56.666666666666664,155.69421487603304,97.52310020211473,107.1114211416559,111.22523498535156,84.11664068428325,73.497665
2016-05-17 16:00:00,66.66666666666667,97.59198061246973,155.0,88.33333333333333,63.333333333333336,155.72727272727272,122.93972327350073,132.64242260390262,114.73828887939453,92.48799342179844,101.38923
2016-05-17 17:00:00,153.33333333333334,97.59198061246973,155.0,243.33333333333337,126.66666666666669,155.7603305785124,189.76130691958008,199.20052176085431,183.16195678710938,152.73490142826034,166.85028
2016-05-17 18:00:00,100.0,97.59198061246973,155.0,155.0,101.66666666666669,155.79338842975207,171.03148378703744,179.80323290271838,202.06143188476562,199.2926148589178,134.208
2016-05-17 19:00:00,123.33333333333331,97.33661202185793,100.0,115.0,105.0,100.0147589373565,85.64035889371426,87.44293990379967,134.11009216308594,149.27413001298333,88.36974
2016-05-17 20:00:00,118.33333333333331,97.33661202185793,100.0,96.66666666666669,95.0,100.02951787471302,81.87833243802001,82.85957987213511,87.19271087646484,91.87764379019696,74.34388
2016-05-17 21:00:00,65.0,97.33661202185793,100.0,68.33333333333333,68.33333333333333,100.04427681206953,57.348616048200846,58.548410037199304,78.73756408691406,81.51338677780745,63.00939
2016-05-17 22:00:00,46.666666666666664,97.33661202185793,100.0,46.666666666666664,58.333333333333336,100.05903574942604,45.097998533658256,46.35517080877224,62.73219299316406,65.06189054339363,58.24093
2016-05-17 23:00:00,55.0,97.33661202185793,100.0,60.0,56.666666666666664,100.07379468678255,43.81612589041687,44.105268625265325,59.64228439331055,57.71731845216231,53.8912
2016-05-18 00:00:00,51.666666666666664,97.33661202185793,100.0,50.0,51.666666666666664,100.08855362413907,44.42934442138768,44.96995697976686,52.865116119384766,52.95908427633172,52.251453
2016-05-18 01:00:00,53.333333333333336,97.33661202185793,100.0,55.0,56.666666666666664,100.10331256149557,46.80023593505072,47.603686688317225,52.75171661376953,52.16476025845741,51.67963
2016-05-18 02:00:00,55.0,97.33661202185793,100.0,51.666666666666664,56.666666666666664,100.11807149885209,47.71210947411841,48.77194492661931,54.14612579345703,50.558467349048456,52.469913
2016-05-18 03:00:00,51.666666666666664,97.33661202185793,100.0,53.333333333333336,53.333333333333336,100.1328304362086,47.58562962932856,48.335404609582966,55.88852310180664,49.83940102426708,50.897896
2016-05-18 04:00:00,51.666666666666664,97.33661202185793,100.0,53.333333333333336,51.666666666666664,100.1475893735651,49.11894365941771,50.44316900404711,53.45576095581055,52.2309899989641,51.01796
2016-05-18 05:00:00,65.0,97.33661202185793,100.0,58.333333333333336,68.33333333333333,100.16234831092162,57.51960602411549,58.76796926007211,61.240325927734375,63.61936165069205,58.971733
2016-05-18 06:00:00,70.0,97.33661202185793,100.0,56.666666666666664,110.0,100.17710724827812,66.1382966573826,67.21367576305146,71.24042510986328,71.09082240008534,67.15588
2016-05-18 07:00:00,53.333333333333336,97.33661202185793,100.0,65.0,76.66666666666667,100.19186618563464,94.05049419131416,96.1030470155174,109.94438171386719,102.54642617894656,101.683975
2016-05-18 08:00:00,61.666666666666664,97.33661202185793,100.0,56.666666666666664,161.66666666666666,100.20662512299114,109.94474544005219,113.53105068177577,128.9519500732422,131.22837784946796,106.4013
2016-05-18 09:00:00,65.0,97.33661202185793,100.0,51.666666666666664,65.0,100.22138406034766,99.94223581825182,103.85370527938406,124.10099029541016,144.63442871141402,73.51837
2016-05-18 10:00:00,58.333333333333336,97.33661202185793,100.0,53.333333333333336,63.333333333333336,100.23614299770416,111.4272072781263,115.8284701769873,116.45579528808594,143.57974269967514,65.51138
2016-05-18 11:00:00,70.0,97.33661202185793,100.0,51.666666666666664,55.0,100.25090193506068,110.87969575809804,117.47685441707789,118.35906982421875,149.77303566496465,65.49674
2016-05-18 12:00:00,56.666666666666664,97.33661202185793,100.0,53.333333333333336,56.666666666666664,100.26566087241719,110.18481044893915,116.79773755768312,114.46690368652344,149.39941064825956,69.506584
2016-05-18 13:00:00,86.66666666666667,97.33661202185793,100.0,41.666666666666664,73.33333333333333,100.28041980977369,108.3912099947305,114.99372631137723,121.769775390625,139.83354873613266,71.47669
2016-05-18 14:00:00,81.66666666666667,97.33661202185793,100.0,53.333333333333336,80.0,100.29517874713021,96.90703994890191,105.66200906109097,121.03433990478516,132.78156867285557,72.0785
2016-05-18 15:00:00,83.33333333333333,97.33661202185793,100.0,51.666666666666664,76.66666666666667,100.30993768448671,94.3128256357285,101.77279085133299,129.06809997558594,136.75844780526438,70.960625
2016-05-18 16:00:00,105.0,97.33661202185793,100.0,66.66666666666667,75.0,100.32469662184323,119.98811875272091,125.77787956428894,123.29594421386719,154.22779323474202,95.92155
2016-05-18 17:00:00,118.33333333333331,97.33661202185793,100.0,153.33333333333334,91.66666666666669,100.33945555919973,186.44254952426917,194.22289998292763,172.8433837890625,179.8889201264797,155.89835
2016-05-18 18:00:00,178.33333333333334,97.33661202185793,100.0,100.0,101.66666666666669,100.35421449655625,166.8449322286557,176.44001000162547,170.16119384765625,175.84132333043848,134.98714
2016-05-18 19:00:00,143.33333333333334,97.17035350249402,178.33333333333334,123.33333333333331,95.0,178.37346783816034,108.83130970457852,111.8401953035447,146.3599853515625,154.29813680382082,115.746155
2016-05-18 20:00:00,223.33333333333337,97.17035350249402,178.33333333333334,118.33333333333331,85.0,178.41360234298733,109.5466114910694,111.41519536978787,129.15640258789062,142.76740228024047,92.52464
2016-05-18 21:00:00,81.66666666666667,97.17035350249402,178.33333333333334,65.0,61.666666666666664,178.4537368478143,73.8210558851793,74.82812982688284,85.648681640625,84.6608486302004,70.464645
2016-05-18 22:00:00,51.666666666666664,97.17035350249402,178.33333333333334,46.666666666666664,55.0,178.4938713526413,55.68957648690045,54.76023634060975,60.19491195678711,60.490835569582515,60.024834
2016-05-18 23:00:00,56.666666666666664,97.17035350249402,178.33333333333334,55.0,56.666666666666664,178.5340058574683,53.82633619361531,52.651809785570336,57.31134796142578,59.39043962862136,54.237457
2016-05-19 00:00:00,51.666666666666664,97.17035350249402,178.33333333333334,51.666666666666664,56.666666666666664,178.57414036229528,50.39948390689458,50.44138940154161,60.7420654296875,56.130334969255394,52.651085
2016-05-19 01:00:00,51.666666666666664,97.17035350249402,178.33333333333334,53.333333333333336,56.666666666666664,178.61427486712225,51.631183372347145,51.498156231531325,63.90782165527344,52.98180221137575,52.323635
2016-05-19 02:00:00,50.0,97.17035350249402,178.33333333333334,55.0,56.666666666666664,178.65440937194924,51.17096298654013,50.332842767778345,62.39131164550781,52.11879115543585,53.561676
2016-05-19 03:00:00,51.666666666666664,97.17035350249402,178.33333333333334,51.666666666666664,50.0,178.69454387677624,49.95230637638874,49.47345195768867,63.87135314941406,54.051329964160104,52.02257
2016-05-19 04:00:00,56.666666666666664,97.17035350249402,178.33333333333334,51.666666666666664,56.666666666666664,178.73467838160323,50.80990493166827,50.91074767857107,61.605674743652344,49.17668424213578,50.649185
2016-05-19 05:00:00,55.0,97.17035350249402,178.33333333333334,65.0,61.666666666666664,178.7748128864302,59.07517992585752,59.248573704974206,66.05524444580078,60.03906864997943,59.315033
2016-05-19 06:00:00,58.333333333333336,97.17035350249402,178.33333333333334,70.0,48.333333333333336,178.8149473912572,67.34905912686833,67.07148238947399,66.73258209228516,61.12611912592895,75.9471
2016-05-19 07:00:00,50.0,97.17035350249402,178.33333333333334,53.333333333333336,58.333333333333336,178.8550818960842,92.60475620972332,92.28507305047513,90.86093139648438,76.67398777397715,125.404205
2016-05-19 08:00:00,53.333333333333336,97.17035350249402,178.33333333333334,61.666666666666664,51.666666666666664,178.89521640091118,108.30452046773584,108.17551254565193,98.25447845458984,106.07069224206475,134.53331
2016-05-19 09:00:00,36.666666666666664,97.17035350249402,178.33333333333334,65.0,48.333333333333336,178.93535090573815,98.91426253645562,99.01198434584502,93.67276763916016,101.81259687857977,84.33021
2016-05-19 10:00:00,55.0,97.17035350249402,178.33333333333334,58.333333333333336,58.333333333333336,178.97548541056514,109.36403305046251,110.31693909400497,92.06546020507812,119.18823113855149,73.55786
2016-05-19 11:00:00,51.666666666666664,97.17035350249402,178.33333333333334,70.0,50.0,179.01561991539214,109.53143609482566,111.41619060189312,87.70828247070312,132.0099798848222,76.41422
2016-05-19 12:00:00,55.0,97.17035350249402,178.33333333333334,56.666666666666664,55.0,179.05575442021913,107.96408325080213,108.89823895434236,84.592041015625,136.16442440144633,80.73725
2016-05-19 13:00:00,50.0,97.17035350249402,178.33333333333334,86.66666666666667,56.666666666666664,179.0958889250461,108.28909493260828,106.32614688387339,89.60735321044922,152.44967116770977,83.39618
2016-05-19 14:00:00,63.333333333333336,97.17035350249402,178.33333333333334,81.66666666666667,56.666666666666664,179.1360234298731,96.7611453522412,91.93101141379199,88.80403900146484,150.74782873685095,85.8721
2016-05-19 15:00:00,81.66666666666667,97.17035350249402,178.33333333333334,83.33333333333333,68.33333333333333,179.1761579347001,94.39733613623214,91.58037641658487,98.35917663574219,142.88552058061236,85.76936
2016-05-19 16:00:00,90.0,97.17035350249402,178.33333333333334,105.0,118.33333333333331,179.21629243952708,120.00677197619133,119.22572139537972,102.83814239501953,143.2930969835474,114.599144
2016-05-19 17:00:00,208.33333333333337,97.17035350249402,178.33333333333334,118.33333333333331,208.33333333333337,179.25642694435405,182.79067980133522,178.27043051954035,161.71322631835938,169.65541170671472,191.88516
2016-05-19 18:00:00,120.0,97.17035350249402,178.33333333333334,178.33333333333334,105.0,179.29656144918104,168.73673376187097,164.6571791568041,218.10891723632812,195.10644840084714,176.09283
2016-05-19 19:00:00,98.33333333333331,97.0136647299333,120.0,143.33333333333334,123.33333333333331,120.02098805295448,109.87885162611906,110.70331268095701,138.2039031982422,133.4616369687648,115.659584
2016-05-19 20:00:00,118.33333333333331,97.0136647299333,120.0,223.33333333333337,100.0,120.04197610590894,103.92399563133637,108.28143076972601,125.43930053710938,129.86311250678895,88.90861
2016-05-19 21:00:00,66.66666666666667,97.0136647299333,120.0,81.66666666666667,71.66666666666667,120.06296415886342,67.77977213016521,72.40084696522467,91.40813446044922,103.48935410647223,65.902245
2016-05-19 22:00:00,50.0,97.0136647299333,120.0,51.666666666666664,60.0,120.08395221181789,52.58655229357883,56.05551326869295,60.02492141723633,65.78236095618077,55.925232
2016-05-19 23:00:00,56.666666666666664,97.0136647299333,120.0,56.666666666666664,56.666666666666664,120.10494026477237,49.13608835198329,52.1727537473886,55.221717834472656,59.09942277872866,52.340996
2016-05-20 00:00:00,51.666666666666664,97.0136647299333,120.0,51.666666666666664,55.0,120.12592831772683,48.51378112730209,51.2824401775507,55.0595588684082,53.947699096876775,51.59403
2016-05-20 01:00:00,51.666666666666664,97.0136647299333,120.0,51.666666666666664,53.333333333333336,120.14691637068131,49.526678287575294,52.61955645860816,59.903987884521484,53.583085464324014,51.400597
2016-05-20 02:00:00,36.666666666666664,97.0136647299333,120.0,50.0,58.333333333333336,120.16790442363578,49.741164575585636,52.65452154575054,60.0091552734375,54.29831881693368,51.958057
2016-05-20 03:00:00,58.333333333333336,97.0136647299333,120.0,51.666666666666664,58.333333333333336,120.18889247659025,49.07001447614321,52.46316693725339,61.67951965332031,52.143658501314775,51.074238
2016-05-20 04:00:00,51.666666666666664,97.0136647299333,120.0,56.666666666666664,50.0,120.20988052954472,50.40852438199152,55.282381842562316,65.26657104492188,55.804630828454734,50.042637
2016-05-20 05:00:00,61.666666666666664,97.0136647299333,120.0,55.0,58.333333333333336,120.2308685824992,58.20373224146706,63.10783509102647,70.32756042480469,59.655095311326555,56.341362
2016-05-20 06:00:00,66.66666666666667,97.0136647299333,120.0,58.333333333333336,146.66666666666666,120.25185663545366,66.33497945707131,70.52253449634689,89.75983428955078,75.6048140187105,71.097374
2016-05-20 07:00:00,80.0,97.0136647299333,120.0,50.0,176.66666666666666,120.27284468840814,90.38294104827008,94.96540645121846,132.6769561767578,141.59567578370513,111.46901
2016-05-20 08:00:00,126.66666666666669,97.0136647299333,120.0,53.333333333333336,338.3333333333333,120.2938327413626,105.51541472357538,109.86880769396356,173.9961395263672,188.13280407977297,132.32889
2016-05-20 09:00:00,73.33333333333333,97.0136647299333,120.0,36.666666666666664,93.33333333333331,120.31482079431709,95.49170585774922,99.60529615122681,155.56063842773438,224.7585777917621,96.10081
2016-05-20 10:00:00,81.66666666666667,97.0136647299333,120.0,55.0,73.33333333333333,120.33580884727155,106.77901388715736,111.88723768960388,162.89727783203125,200.05125669454216,84.073425
2016-05-20 11:00:00,73.33333333333333,97.0136647299333,120.0,51.666666666666664,355.0,120.35679690022603,106.54436830335908,112.15199448413931,190.4264373779297,151.18758793847414,97.909454
2016-05-20 12:00:00,71.66666666666667,97.0136647299333,120.0,55.0,301.6666666666667,120.3777849531805,105.51428738048989,112.50900481015209,158.48768615722656,215.13997582949065,107.359024
2016-05-20 13:00:00,61.666666666666664,97.0136647299333,120.0,50.0,268.3333333333333,120.39877300613497,104.98088085145193,114.71648006825338,162.41603088378906,179.1221637370704,110.386444
2016-05-20 14:00:00,60.0,97.0136647299333,120.0,63.333333333333336,318.3333333333333,120.41976105908944,94.88462012705229,106.35069845402013,166.23892211914062,180.8226650395634,102.17032
2016-05-20 15:00:00,46.666666666666664,97.0136647299333,120.0,81.66666666666667,201.66666666666663,120.44074911204392,93.73718065416158,105.46773796498412,150.2169952392578,183.49924591637603,99.96343
2016-05-20 16:00:00,48.333333333333336,97.0136647299333,120.0,90.0,351.6666666666667,120.46173716499838,118.35237911707857,129.3106565519758,163.50042724609375,186.01686889669782,117.12308
2016-05-20 17:00:00,75.0,97.0136647299333,120.0,208.33333333333337,231.66666666666663,120.48272521795286,185.48548201273744,194.74946936331045,196.2627410888672,208.49335147087325,171.44864
2016-05-20 18:00:00,78.33333333333333,97.0136647299333,120.0,120.0,348.3333333333333,120.50371327090733,165.47845660212474,172.31877091827306,193.2071533203125,222.7930575578529,155.47394
2016-05-20 19:00:00,65.0,96.79478966474481,78.33333333333333,98.33333333333331,208.33333333333337,78.34080956958239,61.91173493851939,61.328535868301586,138.49266052246094,132.91169200502202,80.9805
2016-05-20 20:00:00,70.0,96.79478966474481,78.33333333333333,118.33333333333331,120.0,78.34828580583147,73.84874212058543,72.19260745003852,116.7806625366211,140.0454006461256,72.104225
2016-05-20 21:00:00,65.0,96.79478966474481,78.33333333333333,66.66666666666667,63.333333333333336,78.35576204208053,46.13936290141002,45.22296994916104,107.63603973388672,103.96969039646106,62.515556
2016-05-20 22:00:00,53.333333333333336,96.79478966474481,78.33333333333333,50.0,55.0,78.36323827832959,35.41228665255858,35.10119104822044,70.67516326904297,83.66148308409063,56.51784
2016-05-20 23:00:00,45.0,96.79478966474481,78.33333333333333,56.666666666666664,61.666666666666664,78.37071451457865,38.72545268227594,38.97065803982238,65.99412536621094,78.72146169380622,53.469925
2016-05-21 00:00:00,48.333333333333336,96.79478966474481,78.33333333333333,51.666666666666664,58.333333333333336,78.37819075082773,40.16567525412098,42.02716965772986,59.79182052612305,75.08254995964398,52.489193
2016-05-21 01:00:00,51.666666666666664,96.79478966474481,78.33333333333333,51.666666666666664,63.333333333333336,78.38566698707679,43.81725288470812,47.115195480004516,73.12395477294922,78.85252240543124,51.18962
2016-05-21 02:00:00,56.666666666666664,96.79478966474481,78.33333333333333,36.666666666666664,60.0,78.39314322332585,44.659223244427714,48.412208067129214,77.13453674316406,82.47046696589672,51.521458
2016-05-21 03:00:00,48.333333333333336,96.79478966474481,78.33333333333333,58.333333333333336,60.0,78.40061945957491,46.50764681155579,50.743755241088365,82.95987701416016,80.40251269867616,50.992695
2016-05-21 04:00:00,56.666666666666664,96.79478966474481,78.33333333333333,51.666666666666664,60.0,78.40809569582399,48.17078414302824,52.30311944295866,98.71126556396484,111.94269793170149,50.96234
2016-05-21 05:00:00,51.666666666666664,96.79478966474481,78.33333333333333,61.666666666666664,56.666666666666664,78.41557193207305,56.857484431788016,60.90598584509479,114.13754272460938,138.25898175103575,53.372112
2016-05-21 06:00:00,60.0,96.79478966474481,78.33333333333333,66.66666666666667,63.333333333333336,78.42304816832211,65.33571503780287,70.26312950300847,135.48583984375,165.70562885927964,62.17649
2016-05-21 07:00:00,56.666666666666664,96.79478966474481,78.33333333333333,80.0,113.33333333333331,78.43052440457117,89.61851084109702,94.63263627568577,166.61212158203125,197.19935042405038,84.29872
2016-05-21 08:00:00,208.33333333333337,96.79478966474481,78.33333333333333,126.66666666666669,133.33333333333334,78.43800064082025,107.14845025880334,111.9938185263995,164.99118041992188,192.41448897186748,111.31571
2016-05-21 09:00:00,310.0,96.79478966474481,78.33333333333333,73.33333333333333,118.33333333333331,78.44547687706931,94.72344779930641,99.76584120539968,188.76913452148438,214.27189207469442,106.16304
2016-05-21 10:00:00,383.3333333333333,96.79478966474481,78.33333333333333,81.66666666666667,158.33333333333334,78.45295311331837,105.81484211992694,111.39393142413027,191.01046752929688,183.59708915121666,94.457306
2016-05-21 11:00:00,431.6666666666667,96.79478966474481,78.33333333333333,73.33333333333333,96.66666666666669,78.46042934956745,105.21865794039591,111.41128597202936,176.8316192626953,197.07078181051503,88.015884
2016-05-21 12:00:00,228.33333333333337,96.79478966474481,78.33333333333333,71.66666666666667,116.66666666666669,78.46790558581651,104.12924214808865,111.1220031924542,180.6688232421875,233.31109531988332,84.68591
2016-05-21 13:00:00,343.3333333333333,96.79478966474481,78.33333333333333,61.666666666666664,113.33333333333331,78.47538182206557,103.13357377320361,110.37526729688652,177.57884216308594,214.677274665906,79.3037
2016-05-21 14:00:00,303.3333333333333,96.79478966474481,78.33333333333333,60.0,106.66666666666669,78.48285805831463,93.16341972726133,99.80367264607513,163.4718780517578,201.11837306833655,75.78294
2016-05-21 15:00:00,361.6666666666667,96.79478966474481,78.33333333333333,46.666666666666664,130.0,78.49033429456371,90.92737677642262,95.9734897668505,153.54429626464844,213.9188814306128,76.51476
2016-05-21 16:00:00,100.0,96.79478966474481,78.33333333333333,48.333333333333336,111.66666666666669,78.49781053081277,114.43282323606756,117.45794847709598,141.8549346923828,220.64070692963176,89.86645
2016-05-21 17:00:00,95.0,96.79478966474481,78.33333333333333,75.0,241.66666666666663,78.50528676706183,178.13480223120388,181.8520870259349,182.7515106201172,221.99116424590127,122.10314
2016-05-21 18:00:00,125.0,96.79478966474481,78.33333333333333,78.33333333333333,166.66666666666666,78.5127630033109,160.82919672294736,166.41891118381434,176.4645538330078,211.93378313634994,107.069664
2016-05-21 19:00:00,108.33333333333331,97.20650561559653,125.0,65.0,90.0,125.02225755166931,84.13200997467153,87.0735239166716,118.47103118896484,129.2631690566158,95.35724
2016-05-21 20:00:00,95.0,97.20650561559653,125.0,70.0,86.66666666666667,125.04451510333864,95.69193877464294,97.62352711508082,109.60775756835938,103.12558365010253,76.99922
2016-05-21 21:00:00,135.0,97.20650561559653,125.0,65.0,75.0,125.06677265500795,59.09836172290606,61.0873649319293,75.93480682373047,70.24396544426764,62.219284
2016-05-21 22:00:00,73.33333333333333,97.20650561559653,125.0,53.333333333333336,61.666666666666664,125.08903020667726,45.88081616704722,48.11540294065294,55.68266677856445,74.4081740037087,56.599327
2016-05-21 23:00:00,148.33333333333334,97.20650561559653,125.0,45.0,48.333333333333336,125.11128775834658,45.95293065620817,48.34516237973409,48.297176361083984,72.9060966291453,54.41854
2016-05-22 00:00:00,60.0,97.20650561559653,125.0,48.333333333333336,53.333333333333336,125.1335453100159,45.27174743277934,47.96574423561442,52.02593994140625,70.16157917810584,53.11333
2016-05-22 01:00:00,56.666666666666664,97.20650561559653,125.0,51.666666666666664,55.0,125.15580286168522,47.825655478888464,51.13734907428977,59.70006561279297,71.66159832989936,51.82755
2016-05-22 02:00:00,51.666666666666664,97.20650561559653,125.0,56.666666666666664,51.666666666666664,125.17806041335453,48.027426267337766,51.236110161953505,63.74738311767578,74.12335465693235,52.977848
2016-05-22 03:00:00,53.333333333333336,97.20650561559653,125.0,48.333333333333336,40.0,125.20031796502384,48.221472720468576,50.395840887752286,71.92060089111328,71.43268283845906,52.28229
2016-05-22 04:00:00,55.0,97.20650561559653,125.0,56.666666666666664,51.666666666666664,125.22257551669317,49.91213603052205,52.71308806015493,83.11699676513672,93.70005351194708,51.78108
2016-05-22 05:00:00,50.0,97.20650561559653,125.0,51.666666666666664,56.666666666666664,125.24483306836248,57.3462391773083,60.249231567038194,103.24812316894531,97.5240298346188,53.436493
2016-05-22 06:00:00,58.333333333333336,97.20650561559653,125.0,60.0,51.666666666666664,125.2670906200318,65.61543310543634,67.80430075419038,121.96623992919922,134.08988367771093,58.585297
2016-05-22 07:00:00,63.333333333333336,97.20650561559653,125.0,56.666666666666664,93.33333333333331,125.2893481717011,88.18699681820233,91.55623368034408,149.28338623046875,135.71958219290414,74.02315
2016-05-22 08:00:00,190.0,97.20650561559653,125.0,208.33333333333337,118.33333333333331,125.31160572337043,113.3645680300994,116.39864614931079,153.91978454589844,158.4065717885253,94.04568
2016-05-22 09:00:00,113.33333333333331,97.20650561559653,125.0,310.0,101.66666666666669,125.33386327503975,108.65779036877387,111.64548380668276,223.8134002685547,186.3072482242746,90.7328
2016-05-22 10:00:00,201.66666666666663,97.20650561559653,125.0,383.3333333333333,108.33333333333331,125.35612082670906,123.58656105722366,126.96607243288493,205.0107879638672,167.3416178734369,84.45628
2016-05-22 11:00:00,343.3333333333333,97.20650561559653,125.0,431.6666666666667,105.0,125.37837837837837,126.11342252705731,131.404488279515,219.15451049804688,187.66077797633235,89.34427
2016-05-22 12:00:00,126.66666666666669,97.20650561559653,125.0,228.33333333333337,96.66666666666669,125.4006359300477,112.45965603415958,119.91217338052678,214.722900390625,175.41652180384392,92.79807
2016-05-22 13:00:00,103.33333333333331,97.20650561559653,125.0,343.3333333333333,136.66666666666666,125.42289348171701,118.79276485605376,126.40241480619412,202.2273712158203,178.58617401063145,91.31301
2016-05-22 14:00:00,106.66666666666669,97.20650561559653,125.0,303.3333333333333,88.33333333333333,125.44515103338632,106.79042174545938,115.92197285352842,186.24974060058594,166.85514227944887,83.142456
2016-05-22 15:00:00,96.66666666666669,97.20650561559653,125.0,361.6666666666667,93.33333333333331,125.46740858505565,108.49804860447043,119.00749266576584,189.47857666015625,154.03154511957052,80.451805
2016-05-22 16:00:00,88.33333333333333,97.20650561559653,125.0,100.0,143.33333333333334,125.48966613672496,114.71320045680551,124.71771410034377,214.33056640625,131.23846865572813,99.086586
2016-05-22 17:00:00,265.0,97.20650561559653,125.0,95.0,236.66666666666663,125.51192368839428,174.82457846094917,183.45986589772207,234.47964477539062,172.785792469655,136.26929
2016-05-22 18:00:00,120.0,97.20650561559653,125.0,125.0,98.33333333333331,125.53418124006359,160.07010995614922,167.9589098821346,232.96939086914062,156.1105921231873,108.92743
2016-05-22 19:00:00,96.66666666666669,97.34227129337539,120.0,108.33333333333331,96.66666666666669,120.020511202272,123.67671534250519,125.12773524216668,199.880859375,140.72987388060344,113.451904
2016-05-22 20:00:00,116.66666666666669,97.34227129337539,120.0,95.0,246.66666666666663,120.04102240454402,107.89225971572127,109.43016126159308,182.5911102294922,172.22347568496696,93.41012
2016-05-22 21:00:00,88.33333333333333,97.34227129337539,120.0,135.0,203.33333333333337,120.06153360681603,77.548017605159,79.93039738220637,167.34243774414062,129.21822275758706,73.059204
2016-05-22 22:00:00,78.33333333333333,97.34227129337539,120.0,73.33333333333333,86.66666666666667,120.08204480908805,59.16790568694757,61.08531575183068,111.72718048095703,98.48732410594404,61.54177
2016-05-22 23:00:00,60.0,97.34227129337539,120.0,148.33333333333334,83.33333333333333,120.10255601136005,57.95001159453119,58.90732590051471,112.96649169921875,104.48695126626427,56.617702
2016-05-23 00:00:00,58.333333333333336,97.34227129337539,120.0,60.0,61.666666666666664,120.12306721363205,51.76926878808251,52.00039427935448,83.29244232177734,85.07585082130066,54.09211
2016-05-23 01:00:00,51.666666666666664,97.34227129337539,120.0,56.666666666666664,53.333333333333336,120.14357841590407,51.581108170774726,52.2411358655786,74.24380493164062,74.10059828503765,52.54943
2016-05-23 02:00:00,58.333333333333336,97.34227129337539,120.0,51.666666666666664,56.666666666666664,120.16408961817608,50.72134964038588,52.10140229817719,73.7886962890625,77.13505167223397,53.14871
2016-05-23 03:00:00,51.666666666666664,97.34227129337539,120.0,53.333333333333336,53.333333333333336,120.1846008204481,50.3656351321157,52.442945778581716,81.57830047607422,76.268179555174,51.244335
2016-05-23 04:00:00,50.0,97.34227129337539,120.0,55.0,55.0,120.2051120227201,51.36031857027263,53.15005769899288,83.9533920288086,89.80650052812234,51.0228
2016-05-23 05:00:00,66.66666666666667,97.34227129337539,120.0,50.0,51.666666666666664,120.2256232249921,57.92312233077952,59.839827475563666,94.34569549560547,94.12646131728752,55.388218
2016-05-23 06:00:00,60.0,97.34227129337539,120.0,58.333333333333336,53.333333333333336,120.24613442726412,65.89088156669482,67.53248396375719,99.22643280029297,107.57575422714199,58.54468
2016-05-23 07:00:00,56.666666666666664,97.34227129337539,120.0,63.333333333333336,61.666666666666664,120.26664562953613,87.66632381027038,88.05233115602815,128.9408416748047,137.22797383434957,72.270775
2016-05-23 08:00:00,51.666666666666664,97.34227129337539,120.0,190.0,88.33333333333333,120.28715683180815,116.68307223553116,116.51167752597141,136.6776885986328,166.71714075154762,78.92753
2016-05-23 09:00:00,55.0,97.34227129337539,120.0,113.33333333333331,70.0,120.30766803408015,105.4750296998056,106.16183756780387,144.03802490234375,155.70006270175253,73.599396
2016-05-23 10:00:00,51.666666666666664,97.34227129337539,120.0,201.66666666666663,148.33333333333334,120.32817923635216,123.81783152658119,125.7659942848722,200.50253295898438,165.79719508759493,76.697105
2016-05-23 11:00:00,56.666666666666664,97.34227129337539,120.0,343.3333333333333,103.33333333333331,120.34869043862417,134.082285511372,138.26103727600554,176.58721923828125,155.47646784254684,86.53457
2016-05-23 12:00:00,61.666666666666664,97.34227129337539,120.0,126.66666666666669,206.66666666666663,120.36920164089618,111.26614209242172,117.36849627787777,171.1179962158203,163.56837334913828,89.04785
2016-05-23 13:00:00,56.666666666666664,97.34227129337539,120.0,103.33333333333331,266.6666666666667,120.3897128431682,113.75112868759666,120.94175858234352,169.50111389160156,170.40640597880252,84.53523
2016-05-23 14:00:00,58.333333333333336,97.34227129337539,120.0,106.66666666666669,88.33333333333333,120.4102240454402,103.19109122559706,112.65761149461339,136.5373992919922,131.17179787195911,82.11675
2016-05-23 15:00:00,73.33333333333333,97.34227129337539,120.0,96.66666666666669,111.66666666666669,120.4307352477122,103.12632606193118,114.13240362860383,146.36993408203125,145.40499316051773,86.27322
2016-05-23 16:00:00,156.66666666666666,97.34227129337539,120.0,88.33333333333333,88.33333333333333,120.45124644998423,113.31580460393329,125.14500110672472,139.17709350585938,144.78522374303373,109.486336
2016-05-23 17:00:00,380.0,97.34227129337539,120.0,265.0,243.33333333333337,120.47175765225623,181.83339843944293,194.06057383738064,227.06300354003906,213.9592111720424,147.0013
2016-05-23 18:00:00,123.33333333333331,97.34227129337539,120.0,120.0,155.0,120.49226885452825,158.1831527500617,169.54300022420102,172.25531005859375,182.82011241503196,127.43968
2016-05-23 19:00:00,120.0,97.24274681694844,123.33333333333331,96.66666666666669,115.0,123.3547343146466,150.28460794501098,152.12408903216001,138.41925048828125,137.9232918788513,108.45684
2016-05-23 20:00:00,105.0,97.24274681694844,123.33333333333331,116.66666666666669,96.66666666666669,123.3761352959599,120.87757764742659,122.30166547334834,133.72811889648438,154.35324105466654,90.39224
2016-05-23 21:00:00,68.33333333333333,97.24274681694844,123.33333333333331,88.33333333333333,68.33333333333333,123.39753627727319,88.71872308602762,89.81218754785391,85.90016174316406,83.38099715142135,68.19743
2016-05-23 22:00:00,63.333333333333336,97.24274681694844,123.33333333333331,78.33333333333333,46.666666666666664,123.41893725858647,69.00136849331206,68.7443580071407,76.6546401977539,75.52679816171671,58.62307
2016-05-23 23:00:00,58.333333333333336,97.24274681694844,123.33333333333331,60.0,60.0,123.44033823989976,61.30599182642723,61.33682689299154,70.98100280761719,70.37953095260566,54.528477
2016-05-24 00:00:00,50.0,97.24274681694844,123.33333333333331,58.333333333333336,50.0,123.46173922121305,56.42702095232656,57.56200803155032,62.032920837402344,64.58053348386919,52.477493
2016-05-24 01:00:00,56.666666666666664,97.24274681694844,123.33333333333331,51.666666666666664,55.0,123.48314020252634,54.21924896985611,56.40455447494246,58.53419876098633,59.07155488904452,51.49343
2016-05-24 02:00:00,55.0,97.24274681694844,123.33333333333331,58.333333333333336,51.666666666666664,123.50454118383963,53.27659805205851,56.87557502723921,51.60451126098633,55.35852071392092,53.77281
2016-05-24 03:00:00,53.333333333333336,97.24274681694844,123.33333333333331,51.666666666666664,53.333333333333336,123.52594216515293,51.85725086663344,55.29435674258377,51.03818130493164,55.38224540201723,52.62962
2016-05-24 04:00:00,53.333333333333336,97.24274681694844,123.33333333333331,50.0,53.333333333333336,123.5473431464662,52.22465635008749,54.801014326366385,54.432525634765625,57.24464818704361,52.043392
2016-05-24 05:00:00,106.66666666666669,97.24274681694844,123.33333333333331,66.66666666666667,58.333333333333336,123.5687441277795,59.346035908257946,61.319035129851784,59.67952346801758,59.617398080098084,56.673714
2016-05-24 06:00:00,71.66666666666667,97.24274681694844,123.33333333333331,60.0,56.666666666666664,123.59014510909279,66.16183918220075,68.98007687941917,61.938053131103516,70.97914794137134,56.50378
2016-05-24 07:00:00,161.66666666666666,97.24274681694844,123.33333333333331,56.666666666666664,65.0,123.61154609040608,86.53739147755739,90.11025901366631,83.5737075805664,118.10545090579292,62.136883
2016-05-24 08:00:00,56.666666666666664,97.24274681694844,123.33333333333331,51.666666666666664,56.666666666666664,123.63294707171937,111.54772505265313,114.39419165343406,89.56330108642578,111.06762249156633,66.550705
2016-05-24 09:00:00,38.333333333333336,97.24274681694844,123.33333333333331,55.0,51.666666666666664,123.65434805303266,102.35404629063848,104.64446189544464,94.8741455078125,123.76538503425111,57.984478
2016-05-24 10:00:00,66.66666666666667,97.24274681694844,123.33333333333331,51.666666666666664,53.333333333333336,123.67574903434594,118.01845689881085,120.54059602856789,100.10009002685547,123.09916647052331,57.302486
2016-05-24 11:00:00,101.66666666666669,97.24274681694844,123.33333333333331,56.666666666666664,51.666666666666664,123.69715001565923,125.51736686436062,128.3538428605155,106.80769348144531,139.73990795191088,58.02959
2016-05-24 12:00:00,128.33333333333334,97.24274681694844,123.33333333333331,61.666666666666664,53.333333333333336,123.71855099697252,107.9316256935565,111.2866522236734,105.82754516601562,107.97824168507202,58.575134
2016-05-24 13:00:00,118.33333333333331,97.24274681694844,123.33333333333331,56.666666666666664,41.666666666666664,123.73995197828582,110.40176010673311,116.2442594332287,94.06865692138672,116.27328147707549,60.863525
2016-05-24 14:00:00,150.0,97.24274681694844,123.33333333333331,58.333333333333336,53.333333333333336,123.76135295959911,100.330811088627,108.31089203860802,87.98279571533203,104.332799611655,63.5689
2016-05-24 15:00:00,141.66666666666666,97.24274681694844,123.33333333333331,73.33333333333333,51.666666666666664,123.7827539409124,101.37003799379634,108.55414853136018,90.33897399902344,116.40765008172187,66.84738
2016-05-24 16:00:00,141.66666666666666,97.24274681694844,123.33333333333331,156.66666666666666,66.66666666666667,123.80415492222568,116.42380133382132,123.56435858896609,109.77820587158203,143.7900214217262,88.26228
2016-05-24 17:00:00,203.33333333333337,97.24274681694844,123.33333333333331,380.0,153.33333333333334,123.82555590353897,192.56059366209578,199.87181392691946,177.8835906982422,185.19366506578743,141.83307
2016-05-24 18:00:00,136.66666666666666,97.24274681694844,123.33333333333331,123.33333333333331,100.0,123.84695688485226,156.67414776268217,164.47949043514183,171.83644104003906,193.6222457499105,118.664154
2016-05-24 19:00:00,123.33333333333331,97.23430702299565,136.66666666666666,120.0,123.33333333333331,136.69205263703242,112.99409345838224,116.14202750972659,145.8004150390625,147.59566592201148,122.76883
2016-05-24 20:00:00,96.66666666666669,97.23430702299565,136.66666666666666,105.0,118.33333333333331,136.71743860739818,107.60108925808066,109.58279270166979,117.6075210571289,125.5176914365186,98.651085
2016-05-24 21:00:00,76.66666666666667,97.23430702299565,136.66666666666666,68.33333333333333,65.0,136.74282457776394,75.18191932634127,76.55197382123409,97.1846694946289,102.80872789191089,75.42963
2016-05-24 22:00:00,61.666666666666664,97.23430702299565,136.66666666666666,63.333333333333336,46.666666666666664,136.76821054812973,57.203821328109704,58.79526858799689,82.43350219726562,68.87990892966259,63.53382
2016-05-24 23:00:00,58.333333333333336,97.23430702299565,136.66666666666666,58.333333333333336,55.0,136.7935965184955,56.202974944218546,55.84656306851696,71.75955200195312,65.43412046870363,57.56344
2016-05-25 00:00:00,53.333333333333336,97.23430702299565,136.66666666666666,50.0,51.666666666666664,136.81898248886125,50.648941478834125,49.16428071471873,70.61405181884766,58.68050026617141,54.654766
2016-05-25 01:00:00,53.333333333333336,97.23430702299565,136.66666666666666,56.666666666666664,53.333333333333336,136.844368459227,51.33551009440296,49.689533905955955,68.55244445800781,54.30623188139001,53.55101
2016-05-25 02:00:00,56.666666666666664,97.23430702299565,136.66666666666666,55.0,55.0,136.86975442959277,50.80455123108968,49.18473427753062,71.40534210205078,53.567895902891046,54.560707
2016-05-25 03:00:00,48.333333333333336,97.23430702299565,136.66666666666666,53.333333333333336,51.666666666666664,136.89514039995854,50.16870969603715,48.899042856824025,83.86214447021484,52.77520891960099,52.535435
2016-05-25 04:00:00,55.0,97.23430702299565,136.66666666666666,53.333333333333336,51.666666666666664,136.9205263703243,51.09361820793995,49.610736698291205,84.0533676147461,50.81772172463992,52.05124
2016-05-25 05:00:00,55.0,97.23430702299565,136.66666666666666,106.66666666666669,65.0,136.94591234069009,61.190447953472436,59.71185429755012,105.4468765258789,78.0987161006468,62.256805
2016-05-25 06:00:00,55.0,97.23430702299565,136.66666666666666,71.66666666666667,70.0,136.97129831105585,65.94244861114056,64.56027193303198,95.96128845214844,88.21467980680872,67.411125
2016-05-25 07:00:00,65.0,97.23430702299565,136.66666666666666,161.66666666666666,53.333333333333336,136.9966842814216,91.2283998470024,90.3041593448955,130.11761474609375,113.09091266449322,93.4338
2016-05-25 08:00:00,83.33333333333333,97.23430702299565,136.66666666666666,56.666666666666664,61.666666666666664,137.02207025178737,108.85858721570251,108.26525931418028,113.34358978271484,103.11558268779216,100.39351
2016-05-25 09:00:00,90.0,97.23430702299565,136.66666666666666,38.333333333333336,65.0,137.04745622215313,98.96127010951798,98.41818930145044,134.59893798828125,128.03893468459285,72.98722
2016-05-25 10:00:00,78.33333333333333,97.23430702299565,136.66666666666666,66.66666666666667,58.333333333333336,137.0728421925189,115.8220956057513,114.67834756602613,119.28022766113281,130.85267124397168,67.64245
2016-05-25 11:00:00,50.0,97.23430702299565,136.66666666666666,101.66666666666669,70.0,137.09822816288465,125.1196115090394,123.7763506221652,158.27696228027344,135.17105214917876,70.41983
2016-05-25 12:00:00,60.0,97.23430702299565,136.66666666666666,128.33333333333334,56.666666666666664,137.12361413325044,109.89852496150111,109.80560396401022,145.46546936035156,160.67914771887715,72.84042
2016-05-25 13:00:00,71.66666666666667,97.23430702299565,136.66666666666666,118.33333333333331,86.66666666666667,137.1490001036162,111.75638248164708,112.30265972904745,125.50892639160156,129.81237888985706,74.69762
2016-05-25 14:00:00,80.0,97.23430702299565,136.66666666666666,150.0,81.66666666666667,137.17438607398196,104.07616434874475,105.38101647409572,143.7205352783203,112.02996917416651,79.08089
2016-05-25 15:00:00,80.0,97.23430702299565,136.66666666666666,141.66666666666666,83.33333333333333,137.19977204434772,104.2922219762988,106.05430924385477,122.54154205322266,114.38905562909531,84.694595
2016-05-25 16:00:00,231.66666666666663,97.23430702299565,136.66666666666666,141.66666666666666,105.0,137.2251580147135,117.1763479970104,117.07085326398507,131.563232421875,127.8764248932531,106.94898
2016-05-25 17:00:00,118.33333333333331,97.23430702299565,136.66666666666666,203.33333333333337,118.33333333333331,137.25054398507925,189.73767819639053,188.76772229592686,191.2601776123047,188.45932964339897,157.0922
2016-05-25 18:00:00,156.66666666666666,97.23430702299565,136.66666666666666,136.66666666666666,178.33333333333334,137.275929955445,155.97469883141545,156.39052962645886,172.31976318359375,168.13976271381458,133.90167
2016-05-25 19:00:00,118.33333333333331,97.11854822126259,156.66666666666666,123.33333333333331,143.33333333333334,156.69803558572457,102.64145926582316,100.98985209988975,113.85323333740234,101.01153365315417,120.652405
2016-05-25 20:00:00,190.0,97.11854822126259,156.66666666666666,96.66666666666669,223.33333333333337,156.72940450478245,105.06693415490439,103.82379826778902,116.00747680664062,106.44464201660493,95.57856
2016-05-25 21:00:00,56.666666666666664,97.11854822126259,156.66666666666666,76.66666666666667,81.66666666666667,156.76077342384036,75.43116293898893,76.15652521860858,79.52261352539062,75.32206333256384,72.19375
2016-05-25 22:00:00,53.333333333333336,97.11854822126259,156.66666666666666,61.666666666666664,51.666666666666664,156.79214234289827,54.18713683876421,55.806919603895096,53.50161361694336,59.56601793240496,60.328724
2016-05-25 23:00:00,53.333333333333336,97.11854822126259,156.66666666666666,58.333333333333336,56.666666666666664,156.82351126195618,56.32645540135033,57.83599809097167,45.833866119384766,54.88021531794339,53.59842
2016-05-26 00:00:00,53.333333333333336,97.11854822126259,156.66666666666666,53.333333333333336,51.666666666666664,156.85488018101407,49.701350540969855,49.89445615722737,49.36258316040039,50.05006787130839,50.736294
2016-05-26 01:00:00,55.0,97.11854822126259,156.66666666666666,53.333333333333336,51.666666666666664,156.88624910007198,50.95464159752105,50.644162648809925,50.06235885620117,49.87186587125879,49.709404
2016-05-26 02:00:00,50.0,97.11854822126259,156.66666666666666,56.666666666666664,50.0,156.9176180191299,50.7048527128854,50.074968037283256,53.75880432128906,51.942771362973566,52.626034
2016-05-26 03:00:00,56.666666666666664,97.11854822126259,156.66666666666666,48.333333333333336,51.666666666666664,156.9489869381878,49.66206732709391,49.04596865072064,55.70047378540039,49.476842724024166,52.49581
2016-05-26 04:00:00,50.0,97.11854822126259,156.66666666666666,55.0,56.666666666666664,156.98035585724568,51.095006597229926,50.002267811969205,51.51532745361328,55.95222411518927,50.481167
2016-05-26 05:00:00,56.666666666666664,97.11854822126259,156.66666666666666,55.0,55.0,157.0117247763036,59.78079717273532,58.424244107477065,59.841514587402344,65.29071616002128,54.81967
2016-05-26 06:00:00,61.666666666666664,97.11854822126259,156.66666666666666,55.0,58.333333333333336,157.0430936953615,65.02110340638119,64.44035852601168,71.51395416259766,66.10642734260372,58.754093
2016-05-26 07:00:00,100.0,97.11854822126259,156.66666666666666,65.0,50.0,157.07446261441942,88.19622947809982,87.3108796900741,102.57250213623047,112.139100909291,78.463486
2016-05-26 08:00:00,156.66666666666666,97.11854822126259,156.66666666666666,83.33333333333333,53.333333333333336,157.1058315334773,108.12618829725213,106.76810165607264,103.42208862304688,113.94728782338088,89.35831
2016-05-26 09:00:00,276.6666666666667,97.11854822126259,156.66666666666666,90.0,36.666666666666664,157.1372004525352,99.42360509671781,98.38538177992424,116.54991912841797,119.41901415243123,70.43853
2016-05-26 10:00:00,265.0,97.11854822126259,156.66666666666666,78.33333333333333,55.0,157.16856937159312,114.31486372855377,114.01409980043084,112.49482727050781,114.46150667093498,68.59787
2016-05-26 11:00:00,243.33333333333337,97.11854822126259,156.66666666666666,50.0,51.666666666666664,157.19993829065103,120.81817490210047,120.5452335102902,109.11988067626953,112.50514201766472,66.78335
2016-05-26 12:00:00,221.66666666666663,97.11854822126259,156.66666666666666,60.0,55.0,157.23130720970892,106.40106379253976,104.45961819675843,102.04381561279297,121.40214559645706,66.53933
2016-05-26 13:00:00,75.0,97.11854822126259,156.66666666666666,71.66666666666667,50.0,157.26267612876683,109.08686618940774,104.66614152944804,102.69749450683594,124.79408815171371,72.487686
2016-05-26 14:00:00,68.33333333333333,97.11854822126259,156.66666666666666,80.0,63.333333333333336,157.29404504782474,101.6841711650718,98.17723510060156,97.69467163085938,106.9059876980978,80.40856
2016-05-26 15:00:00,61.666666666666664,97.11854822126259,156.66666666666666,80.0,81.66666666666667,157.32541396688265,102.04453768133737,98.63903515375682,98.31009674072266,108.88081832849207,88.19773
2016-05-26 16:00:00,495.0,97.11854822126259,156.66666666666666,231.66666666666663,90.0,157.35678288594053,123.76855363919375,117.52250938235375,112.56288146972656,123.0226498436617,105.13516
2016-05-26 17:00:00,440.0,97.11854822126259,156.66666666666666,118.33333333333331,208.33333333333337,157.38815180499844,185.0052860880352,177.87901333602846,165.04412841796875,183.55266899564802,158.31113
2016-05-26 18:00:00,215.0,97.11854822126259,156.66666666666666,156.66666666666666,120.0,157.41952072405635,156.31261713501485,151.2541165624443,214.89065551757812,207.1132988881425,137.16684
2016-05-26 19:00:00,223.33333333333337,97.46836088997753,215.0,118.33333333333331,98.33333333333331,215.0490045941807,203.3700047433657,203.4756659292998,203.99447631835938,226.25647965606774,137.2781
2016-05-26 20:00:00,91.66666666666669,97.46836088997753,215.0,190.0,118.33333333333331,215.0980091883614,162.99977468964377,163.43408312849022,191.86570739746094,224.72338449803334,104.28231
2016-05-26 21:00:00,76.66666666666667,97.46836088997753,215.0,56.666666666666664,66.66666666666667,215.1470137825421,120.00508376297026,122.28435848402177,148.54542541503906,185.79909273171134,76.11186
2016-05-26 22:00:00,70.0,97.46836088997753,215.0,53.333333333333336,50.0,215.1960183767228,87.58409770958889,91.20481385721331,67.63689422607422,173.45503197156893,61.863255
2016-05-26 23:00:00,65.0,97.46836088997753,215.0,53.333333333333336,56.666666666666664,215.24502297090353,76.99941053945555,80.15442703718324,63.825008392333984,74.46642313319148,58.90367
2016-05-27 00:00:00,60.0,97.46836088997753,215.0,53.333333333333336,51.666666666666664,215.29402756508424,66.88273907358248,69.0352093602217,52.3801383972168,62.976505739467946,56.88698
2016-05-27 01:00:00,58.333333333333336,97.46836088997753,215.0,55.0,51.666666666666664,215.34303215926494,62.393043763811505,64.31782966471434,52.26792907714844,58.492489545455676,54.489384
2016-05-27 02:00:00,50.0,97.46836088997753,215.0,50.0,36.666666666666664,215.39203675344564,58.99842557142666,61.03996770088355,53.01949691772461,56.83452978736342,53.77545
2016-05-27 03:00:00,58.333333333333336,97.46836088997753,215.0,56.666666666666664,58.333333333333336,215.44104134762634,56.08292680106456,58.79004954790794,59.18452835083008,60.40404832401337,53.142216
2016-05-27 04:00:00,58.333333333333336,97.46836088997753,215.0,50.0,51.666666666666664,215.49004594180704,55.18290336518653,58.47951838418739,58.755645751953125,68.88317790656757,54.09463
2016-05-27 05:00:00,58.333333333333336,97.46836088997753,215.0,56.666666666666664,61.666666666666664,215.53905053598774,62.74309967538823,64.97349789399311,61.47434616088867,79.53188447898197,60.413967
2016-05-27 06:00:00,63.333333333333336,97.46836088997753,215.0,61.666666666666664,66.66666666666667,215.58805513016844,67.14987666337977,69.34193772461498,67.3492202758789,100.48162907022176,71.9964
2016-05-27 07:00:00,111.66666666666669,97.46836088997753,215.0,100.0,80.0,215.63705972434917,90.89799893161148,92.46565635269921,98.57148742675781,147.21580954304332,101.10152
2016-05-27 08:00:00,130.0,97.46836088997753,215.0,156.66666666666666,126.66666666666669,215.68606431852987,112.67640539638451,114.50234953459349,126.73857116699219,167.27878060146315,135.7146
2016-05-27 09:00:00,251.66666666666663,97.46836088997753,215.0,276.6666666666667,73.33333333333333,215.73506891271057,111.35012071634966,112.78094462957668,126.24797058105469,143.520499710769,133.52202
2016-05-27 10:00:00,251.66666666666663,97.46836088997753,215.0,265.0,81.66666666666667,215.78407350689127,124.84809708421938,125.50777435447998,156.38914489746094,148.3349149095086,127.0719
2016-05-27 11:00:00,310.0,97.46836088997753,215.0,243.33333333333337,73.33333333333333,215.83307810107198,130.0728689461672,131.0830729354543,221.97825622558594,134.13949224214835,125.896255
2016-05-27 12:00:00,185.0,97.46836088997753,215.0,221.66666666666663,71.66666666666667,215.88208269525268,114.64205233251012,115.11765345308332,162.82864379882812,128.5570680751864,120.940926
2016-05-27 13:00:00,265.0,97.46836088997753,215.0,75.0,61.666666666666664,215.93108728943338,107.81903427404424,109.06231467216524,121.43179321289062,130.13259674530417,113.60078
2016-05-27 14:00:00,101.66666666666669,97.46836088997753,215.0,68.33333333333333,60.0,215.98009188361408,100.11343877546041,102.6599811835585,161.69239807128906,121.1201862595185,109.2907
2016-05-27 15:00:00,76.66666666666667,97.46836088997753,215.0,61.666666666666664,46.666666666666664,216.02909647779478,100.00050653561439,101.84964186216713,137.75209045410156,117.30557631976713,113.11464
2016-05-27 16:00:00,135.0,97.46836088997753,215.0,495.0,48.333333333333336,216.0781010719755,144.83962032652795,146.44910384453198,154.45626831054688,154.2155998279581,139.39978
2016-05-27 17:00:00,180.0,97.46836088997753,215.0,440.0,75.0,216.1271056661562,202.03181957371072,205.01207741402803,200.46678161621094,174.96404331411185,173.05269
2016-05-27 18:00:00,430.0,97.46836088997753,215.0,215.0,78.33333333333333,216.1761102603369,159.93050936850491,163.4412374384962,210.6724090576172,183.60300762515973,145.24965
